id;apellido;fechaHora
CITA-066;Ramírez;2025-03-01T08:40
CITA-065;Pacheco;2025-03-01T13:10
CITA-014;Ramírez;2025-03-02T08:40
CITA-098;Hernández;2025-03-02T10:40
CITA-064;Rivera;2025-03-02T11:30
CITA-019;Díaz;2025-03-03T11:50
CITA-076;Vásquez;2025-03-03T12:00
CITA-025;Torres;2025-03-03T14:40
CITA-051;Torres;2025-03-03T16:20
CITA-038;Sánchez;2025-03-04T08:50
CITA-036;Cedeño;2025-03-15T09:50
CITA-074;Ortiz;2025-03-04T15:50
CITA-018;Castillo;2025-03-05T08:50
CITA-013;Sánchez;2025-03-05T11:20
CITA-057;Martínez;2025-03-05T14:10
CITA-083;Pérez;2025-03-05T16:50
CITA-063;González;2025-03-06T11:30
CITA-043;Pacheco;2025-03-06T12:20
CITA-041;López;2025-03-07T08:20
CITA-071;Sánchez;2025-03-07T10:30
CITA-047;Benítez;2025-03-07T14:30
CITA-027;Cedeño;2025-03-07T17:20
CITA-032;García;2025-03-08T10:30
CITA-079;López;2025-03-08T11:20
CITA-006;Cruz;2025-03-09T14:30
CITA-040;Cruz;2025-03-10T10:30
CITA-055;Pacheco;2025-03-10T11:10
CITA-095;Ortiz;2025-03-10T13:40
CITA-080;Rojas;2025-03-11T13:20
CITA-067;López;2025-03-11T13:50
CITA-031;Pérez;2025-03-11T16:10
CITA-001;Cruz;2025-03-11T16:20
CITA-082;Ramírez;2025-03-11T17:50
CITA-022;Sánchez;2025-03-23T17:00
CITA-033;Díaz;2025-03-13T10:20
CITA-094;Salazar;2025-03-13T10:40
CITA-077;González;2025-03-13T11:10
CITA-078;Morales;2025-03-13T13:20
CITA-012;Hernández;2025-03-13T15:50
CITA-069;Ramos;2025-03-14T08:30
CITA-020;Acosta;2025-03-14T13:30
CITA-096;Gómez;2025-03-22T10:10
CITA-003;Ortiz;2025-03-04T10:20
CITA-048;Gómez;2025-03-16T16:30
CITA-049;Acosta;2025-03-15T14:50
CITA-035;Castillo;2025-03-15T15:10
CITA-099;Ramírez;2025-03-16T13:20
CITA-052;Pacheco;2025-03-15T10:10
CITA-050;Pacheco;2025-03-17T11:00
CITA-088;Torres;2025-03-17T12:10
CITA-044;Guerrero;2025-03-17T14:30
CITA-046;Acosta;2025-03-18T08:10
CITA-039;Rivera;2025-03-18T09:10
CITA-085;Sánchez;2025-03-18T09:20
CITA-034;Salazar;2025-03-18T10:20
CITA-100;Mendoza;2025-03-18T10:40
CITA-030;Morales;2025-03-18T14:30
CITA-009;Cruz;2025-03-18T15:50
CITA-037;Vargas;2025-03-18T16:50
CITA-089;Guerrero;2025-03-19T08:10
CITA-007;Cedeño;2025-03-19T08:40
CITA-056;Hernández;2025-03-19T09:50
CITA-011;Pacheco;2025-03-20T11:10
CITA-070;Pérez;2025-03-20T11:40
CITA-023;Ramírez;2025-03-20T15:00
CITA-010;Gómez;2025-03-21T11:00
CITA-024;Martínez;2025-03-21T17:30
CITA-008;Sánchez;2025-03-22T08:00
CITA-029;Mendoza;2025-03-15T09:00
CITA-097;Gómez;2025-03-22T10:10
CITA-005;Pérez;2025-03-22T11:50
CITA-072;Flores;2025-03-22T17:20
CITA-053;López;2025-03-23T08:10
CITA-042;Rojas;2025-03-23T08:30
CITA-015;Díaz;2025-03-23T09:30
CITA-061;Pérez;2025-03-23T09:40
CITA-016;Sánchez;2025-03-23T10:10
CITA-091;Cedeño;2025-03-30T08:40
CITA-075;Martínez;2025-03-13T09:10
CITA-084;Rivera;2025-03-24T14:20
CITA-045;Gómez;2025-03-24T17:40
CITA-093;Acosta;2025-03-27T13:30
CITA-028;Rojas;2025-03-27T14:40
CITA-086;Torres;2025-03-27T15:00
CITA-054;Ramírez;2025-03-28T12:10
CITA-092;Morales;2025-03-28T13:00
CITA-004;Pérez;2025-03-28T14:20
CITA-059;Salazar;2025-03-28T14:30
CITA-017;Vargas;2025-03-28T16:10
CITA-026;González;2025-03-29T10:10
CITA-068;Torres;2025-03-29T12:00
CITA-002;González;2025-03-29T13:20
CITA-090;Morales;2025-03-29T15:40
CITA-021;González;2025-03-23T11:20
CITA-062;Ramos;2025-03-30T09:50
CITA-058;López;2025-03-30T13:10
CITA-073;Castillo;2025-03-31T08:00
CITA-087;Rodríguez;2025-03-31T10:30
CITA-060;Sánchez;2025-03-31T11:00
CITA-081;Mendoza;2025-03-31T12:10
